{
  "main": "acme-banking-api.raml",
  "name": "ACME Banking API",
  "classifier": "raml",
  "tags": [],
  "groupId": "b2447622-1656-4ff2-85a7-6a4627f47b7f",
  "assetId": "acme-banking-api",
  "version": "1.0.0",
  "apiVersion": "v1",
  "dependencies": [
    {
      "groupId": "b2447622-1656-4ff2-85a7-6a4627f47b7f",
      "assetId": "banking-data-types",
      "version": "1.0.0"
    },
    {
      "groupId": "68ef9520-24e9-4cf2-b2f5-620025690913",
      "assetId": "training-oauth20-security-scheme",
      "version": "1.0.1"
    },
    {
      "groupId": "68ef9520-24e9-4cf2-b2f5-620025690913",
      "assetId": "training-cacheable-trait",
      "version": "1.0.1"
    }
  ]
}